{"cameraMode":{"drawMode":0,"name":"Shaded","section":"Shading Mode"},"sceneLighting":false,"audioPlay":false,"sceneViewState":{"m_AlwaysRefresh":false,"showFog":true,"showSkybox":false,"showFlares":true,"showImageEffects":true,"showParticleSystems":true,"showVisualEffectGraphs":true,"m_FxEnabled":true},"in2DMode":false,"pivot":{"x":16.70400047302246,"y":0.3179999887943268,"z":-0.16500000655651093},"rotation":{"x":-0.2623092830181122,"y":0.052647266536951068,"z":-0.014365272596478463,"w":-0.9634869694709778},"size":0.37096157670021059,"orthographic":false}